=== Missing files to upload ===

--- Arizona ---
thumbnails/_Arizona/phoenix-arizona-1893.jpg
thumbnails/_Arizona/phoenix-arizona-1901.jpg
thumbnails/_Arizona/prescott-arizona-1895.jpg
thumbnails/_Arizona/prescott-arizona-1901.jpg
thumbnails/_Arizona/tombstone-arizona-1886.jpg
thumbnails/_Arizona/tucson-arizona-1886.jpg
thumbnails/_Arizona/tucson-arizona-1889.jpg
thumbnails/_Arizona/tucson-arizona-1896.jpg
thumbnails/_Arizona/tucson-arizona-1901.jpg

--- Illinois ---
thumbnails/_Illinois/decatur-illinois-1915.jpg
thumbnails/_Illinois/east-saint-louis-illinois-1905.jpg
thumbnails/_Illinois/joliet-illinois-1886.jpg
thumbnails/_Illinois/joliet-illinois-1891.jpg

--- New Hampshire ---
thumbnails/_New Hampshire/bellows-falls-new-hampshire-1912.jpg
thumbnails/_New Hampshire/bellows-falls-new-hampshire-1920.jpg
thumbnails/_New Hampshire/berlin-new-hampshire-1905.jpg
thumbnails/_New Hampshire/berlin-new-hampshire-1909.jpg
thumbnails/_New Hampshire/berlin-new-hampshire-1914.jpg
thumbnails/_New Hampshire/berlin-new-hampshire-1920.jpg
thumbnails/_New Hampshire/claremont-new-hampshire-1889.jpg
thumbnails/_New Hampshire/claremont-new-hampshire-1894.jpg
thumbnails/_New Hampshire/claremont-new-hampshire-1904.jpg
thumbnails/_New Hampshire/claremont-new-hampshire-1910.jpg
thumbnails/_New Hampshire/claremont-new-hampshire-1918.jpg
thumbnails/_New Hampshire/concord-new-hampshire-1884.jpg
thumbnails/_New Hampshire/concord-new-hampshire-1889.jpg
thumbnails/_New Hampshire/concord-new-hampshire-1893.jpg
thumbnails/_New Hampshire/concord-new-hampshire-1899.jpg
thumbnails/_New Hampshire/concord-new-hampshire-1906.jpg
thumbnails/_New Hampshire/concord-new-hampshire-1914.jpg
thumbnails/_New Hampshire/dover-new-hampshire-1887.jpg
thumbnails/_New Hampshire/dover-new-hampshire-1892.jpg
thumbnails/_New Hampshire/dover-new-hampshire-1898.jpg
thumbnails/_New Hampshire/dover-new-hampshire-1905.jpg
thumbnails/_New Hampshire/dover-new-hampshire-1912.jpg
thumbnails/_New Hampshire/exeter-new-hampshire-1911.jpg
thumbnails/_New Hampshire/franklin-new-hampshire-1911.jpg
thumbnails/_New Hampshire/franklin-new-hampshire-1923.jpg
thumbnails/_New Hampshire/great-falls-new-hampshire-1887.jpg
thumbnails/_New Hampshire/great-falls-new-hampshire-1893.jpg
thumbnails/_New Hampshire/keene-new-hampshire-1884.jpg
thumbnails/_New Hampshire/keene-new-hampshire-1892.jpg
thumbnails/_New Hampshire/keene-new-hampshire-1897.jpg
thumbnails/_New Hampshire/keene-new-hampshire-1902.jpg
thumbnails/_New Hampshire/keene-new-hampshire-1908.jpg
thumbnails/_New Hampshire/keene-new-hampshire-1913.jpg
thumbnails/_New Hampshire/laconia-new-hampshire-1897.jpg
thumbnails/_New Hampshire/laconia-new-hampshire-1902.jpg
thumbnails/_New Hampshire/laconia-new-hampshire-1911.jpg
thumbnails/_New Hampshire/laconia-new-hampshire-1923.jpg
thumbnails/_New Hampshire/lebanon-new-hampshire-1889.jpg
thumbnails/_New Hampshire/lebanon-new-hampshire-1912.jpg
thumbnails/_New Hampshire/littleton-new-hampshire-1912.jpg
thumbnails/_New Hampshire/manchester-new-hampshire-1885.jpg
thumbnails/_New Hampshire/manchester-new-hampshire-1891.jpg
thumbnails/_New Hampshire/manchester-new-hampshire-1897.jpg
thumbnails/_New Hampshire/milford-new-hampshire-1912.jpg
thumbnails/_New Hampshire/nashua-new-hampshire-1885.jpg
thumbnails/_New Hampshire/nashua-new-hampshire-1892.jpg
thumbnails/_New Hampshire/nashua-new-hampshire-1897.jpg
thumbnails/_New Hampshire/nashua-new-hampshire-1902.jpg
thumbnails/_New Hampshire/portsmouth-new-hampshire-1887.jpg
thumbnails/_New Hampshire/portsmouth-new-hampshire-1892.jpg
thumbnails/_New Hampshire/portsmouth-new-hampshire-1898.jpg
thumbnails/_New Hampshire/portsmouth-new-hampshire-1904.jpg
thumbnails/_New Hampshire/portsmouth-new-hampshire-1910.jpg
thumbnails/_New Hampshire/rochester-new-hampshire-1887.jpg
thumbnails/_New Hampshire/rochester-new-hampshire-1892.jpg
thumbnails/_New Hampshire/rochester-new-hampshire-1897.jpg
thumbnails/_New Hampshire/rochester-new-hampshire-1902.jpg
thumbnails/_New Hampshire/rochester-new-hampshire-1908.jpg
thumbnails/_New Hampshire/somersworth-new-hampshire-1905.jpg
thumbnails/_New Hampshire/somersworth-new-hampshire-1912.jpg

--- New Mexico ---
thumbnails/_New Mexico/albuquerque-new-mexico-1893.jpg
thumbnails/_New Mexico/albuquerque-new-mexico-1898.jpg
thumbnails/_New Mexico/albuquerque-new-mexico-1902.jpg
thumbnails/_New Mexico/albuquerque-new-mexico-1908.jpg
thumbnails/_New Mexico/albuquerque-new-mexico-1913.jpg
thumbnails/_New Mexico/albuquerque-new-mexico-1919.jpg
thumbnails/_New Mexico/albuquerque-new-mexico-1924.jpg
thumbnails/_New Mexico/las-vegas-new-mexico-1886.jpg
thumbnails/_New Mexico/las-vegas-new-mexico-1890.jpg
thumbnails/_New Mexico/las-vegas-new-mexico-1898.jpg
thumbnails/_New Mexico/las-vegas-new-mexico-1902.jpg
thumbnails/_New Mexico/las-vegas-new-mexico-1908.jpg
thumbnails/_New Mexico/las-vegas-new-mexico-1913.jpg
thumbnails/_New Mexico/las-vegas-new-mexico-1921.jpg
thumbnails/_New Mexico/raton-new-mexico-1919.jpg
thumbnails/_New Mexico/roswell-new-mexico-1913.jpg
thumbnails/_New Mexico/roswell-new-mexico-1921.jpg
thumbnails/_New Mexico/santa-fe-new-mexico-1886.jpg
thumbnails/_New Mexico/santa-fe-new-mexico-1930.jpg

--- New York ---
thumbnails/_New York/albion-new-york-1889.jpg
thumbnails/_New York/albion-new-york-1894.jpg
thumbnails/_New York/albion-new-york-1900.jpg
thumbnails/_New York/albion-new-york-1911.jpg
thumbnails/_New York/albion-new-york-1917.jpg
thumbnails/_New York/amityville-new-york-1915.jpg
thumbnails/_New York/amsterdam-new-york-1884.jpg
thumbnails/_New York/amsterdam-new-york-1888.jpg
thumbnails/_New York/auburn-new-york-1892.jpg
thumbnails/_New York/auburn-new-york-1898.jpg
thumbnails/_New York/babylon-new-york-1915.jpg
thumbnails/_New York/babylon-new-york-1923.jpg
thumbnails/_New York/ballston-spa-new-york-1911.jpg
thumbnails/_New York/batavia-new-york-1901.jpg
thumbnails/_New York/batavia-new-york-1912.jpg
thumbnails/_New York/batavia-new-york-1919.jpg
thumbnails/_New York/bath-new-york-1909.jpg
thumbnails/_New York/bath-new-york-1915.jpg
thumbnails/_New York/brockport-new-york-1885.jpg
thumbnails/_New York/brockport-new-york-1892.jpg
thumbnails/_New York/brooklyn-new-york-1886.jpg
thumbnails/_New York/brooklyn-new-york-1887.jpg
thumbnails/_New York/brooklyn-new-york-1888.jpg
thumbnails/_New York/brooklyn-new-york-1895.jpg
thumbnails/_New York/buffalo-new-york-1889.jpg
thumbnails/_New York/buffalo-new-york-1893.jpg
thumbnails/_New York/buffalo-new-york-1895.jpg
thumbnails/_New York/camden-new-york-1912.jpg
thumbnails/_New York/canandaigua-new-york-1886.jpg
thumbnails/_New York/canandaigua-new-york-1892.jpg
thumbnails/_New York/canandaigua-new-york-1897.jpg
thumbnails/_New York/canandaigua-new-york-1904.jpg
thumbnails/_New York/canandaigua-new-york-1911.jpg
thumbnails/_New York/canastota-new-york-1911.jpg
thumbnails/_New York/canisteo-new-york-1920.jpg
thumbnails/_New York/canton-new-york-1913.jpg
thumbnails/_New York/carthage-new-york-1895.jpg
thumbnails/_New York/carthage-new-york-1915.jpg
thumbnails/_New York/catskill-new-york-1884.jpg
thumbnails/_New York/catskill-new-york-1889.jpg
thumbnails/_New York/catskill-new-york-1895.jpg
thumbnails/_New York/catskill-new-york-1903.jpg
thumbnails/_New York/catskill-new-york-1912.jpg
thumbnails/_New York/catskill-new-york-1923.jpg
thumbnails/_New York/charlotte-new-york-1912.jpg
thumbnails/_New York/clyde-new-york-1890.jpg
thumbnails/_New York/clyde-new-york-1896.jpg
thumbnails/_New York/cohoes-new-york-1885.jpg
thumbnails/_New York/cohoes-new-york-1891.jpg
thumbnails/_New York/cohoes-new-york-1896.jpg
thumbnails/_New York/cohoes-new-york-1902.jpg
thumbnails/_New York/cohoes-new-york-1910.jpg
thumbnails/_New York/college-point-new-york-1886.jpg
thumbnails/_New York/college-point-new-york-1892.jpg
thumbnails/_New York/cooperstown-new-york-1894.jpg
thumbnails/_New York/cooperstown-new-york-1909.jpg
thumbnails/_New York/cooperstown-new-york-1915.jpg
thumbnails/_New York/corning-new-york-1888.jpg
thumbnails/_New York/cortland-new-york-1884.jpg
thumbnails/_New York/cortland-new-york-1902.jpg
thumbnails/_New York/cortland-new-york-1908.jpg
thumbnails/_New York/cortland-new-york-1915.jpg
thumbnails/_New York/dansville-new-york-1898.jpg
thumbnails/_New York/dansville-new-york-1904.jpg
thumbnails/_New York/dansville-new-york-1909.jpg
thumbnails/_New York/dansville-new-york-1914.jpg
thumbnails/_New York/dansville-new-york-1920.jpg
thumbnails/_New York/deposit-new-york-1912.jpg
thumbnails/_New York/dunkirk-new-york-1888.jpg
thumbnails/_New York/dunkirk-new-york-1893.jpg
thumbnails/_New York/dunkirk-new-york-1898.jpg
thumbnails/_New York/dunkirk-new-york-1904.jpg
thumbnails/_New York/dunkirk-new-york-1910.jpg
thumbnails/_New York/east-aurora-new-york-1912.jpg
thumbnails/_New York/east-aurora-new-york-1920.jpg
thumbnails/_New York/ellenville-new-york-1894.jpg
thumbnails/_New York/ellenville-new-york-1910.jpg
thumbnails/_New York/ellenville-new-york-1920.jpg
thumbnails/_New York/elmira-new-york-1887.jpg
thumbnails/_New York/endicott-new-york-1918.jpg
thumbnails/_New York/fairport-new-york-1909.jpg
thumbnails/_New York/fairport-new-york-1915.jpg
thumbnails/_New York/flushing-new-york-1886.jpg
thumbnails/_New York/flushing-new-york-1892.jpg
thumbnails/_New York/flushing-new-york-1897.jpg
thumbnails/_New York/fort-edward-new-york-1909.jpg
thumbnails/_New York/fort-edward-new-york-1924.jpg
thumbnails/_New York/fort-plain-new-york-1912.jpg
thumbnails/_New York/fredonia-new-york-1902.jpg
thumbnails/_New York/freeport-new-york-1910.jpg
thumbnails/_New York/fulton-new-york-1896.jpg
thumbnails/_New York/fulton-new-york-1901.jpg
thumbnails/_New York/fulton-new-york-1906.jpg
thumbnails/_New York/fulton-new-york-1911.jpg
thumbnails/_New York/geneva-new-york-1884.jpg
thumbnails/_New York/geneva-new-york-1909.jpg
thumbnails/_New York/glen-cove-new-york-1908.jpg
thumbnails/_New York/glen-cove-new-york-1925.jpg
thumbnails/_New York/glens-falls-new-york-1890.jpg
thumbnails/_New York/glens-falls-new-york-1895.jpg
thumbnails/_New York/glens-falls-new-york-1901.jpg
thumbnails/_New York/gloversville-new-york-1892.jpg
thumbnails/_New York/gloversville-new-york-1897.jpg
thumbnails/_New York/gloversville-new-york-1902.jpg
thumbnails/_New York/gouverneur-new-york-1912.jpg
thumbnails/_New York/granville-new-york-1912.jpg
thumbnails/_New York/greenwich-new-york-1913.jpg
thumbnails/_New York/hamburg-new-york-1913.jpg
thumbnails/_New York/hamburg-new-york-1923.jpg
thumbnails/_New York/hastings-on-hudson-new-york-1912.jpg
thumbnails/_New York/haverstraw-new-york-1887.jpg
thumbnails/_New York/hempstead-new-york-1886.jpg
thumbnails/_New York/hempstead-new-york-1909.jpg
thumbnails/_New York/hempstead-new-york-1919.jpg
thumbnails/_New York/herkimer-new-york-1884.jpg
thumbnails/_New York/herkimer-new-york-1900.jpg
thumbnails/_New York/herkimer-new-york-1923.jpg
thumbnails/_New York/hoosick-falls-new-york-1884.jpg
thumbnails/_New York/hoosick-falls-new-york-1891.jpg
thumbnails/_New York/hoosick-falls-new-york-1910.jpg
thumbnails/_New York/hornell-new-york-1893.jpg
thumbnails/_New York/hornell-new-york-1898.jpg
thumbnails/_New York/hornell-new-york-1904.jpg
thumbnails/_New York/hornell-new-york-1909.jpg
thumbnails/_New York/hornell-new-york-1915.jpg
thumbnails/_New York/hudson-new-york-1884.jpg
thumbnails/_New York/hudson-new-york-1889.jpg
thumbnails/_New York/hudson-new-york-1895.jpg
thumbnails/_New York/hudson-new-york-1903.jpg
thumbnails/_New York/hudson-new-york-1911.jpg
thumbnails/_New York/hudson-falls-new-york-1913.jpg
thumbnails/_New York/huntington-new-york-1922.jpg
thumbnails/_New York/ilion-new-york-1884.jpg
thumbnails/_New York/ilion-new-york-1907.jpg
thumbnails/_New York/ilion-new-york-1912.jpg
thumbnails/_New York/ithaca-new-york-1888.jpg
thumbnails/_New York/jamaica-new-york-1891.jpg
thumbnails/_New York/johnson-city-new-york-1918.jpg
thumbnails/_New York/johnstown-new-york-1892.jpg
thumbnails/_New York/johnstown-new-york-1897.jpg
thumbnails/_New York/johnstown-new-york-1902.jpg
thumbnails/_New York/johnstown-new-york-1907.jpg
thumbnails/_New York/johnstown-new-york-1912.jpg
thumbnails/_New York/larchmont-new-york-1911.jpg
thumbnails/_New York/liberty-new-york-1916.jpg
thumbnails/_New York/lockport-new-york-1886.jpg
thumbnails/_New York/lockport-new-york-1892.jpg
thumbnails/_New York/lockport-new-york-1898.jpg
thumbnails/_New York/lockport-new-york-1903.jpg
thumbnails/_New York/lockport-new-york-1914.jpg
thumbnails/_New York/lyons-new-york-1889.jpg
thumbnails/_New York/lyons-new-york-1894.jpg
thumbnails/_New York/lyons-new-york-1899.jpg
thumbnails/_New York/lyons-new-york-1911.jpg
thumbnails/_New York/lyons-new-york-1917.jpg
thumbnails/_New York/malone-new-york-1884.jpg
thumbnails/_New York/mamaroneck-new-york-1912.jpg
thumbnails/_New York/massena-new-york-1918.jpg
thumbnails/_New York/mechanicville-new-york-1904.jpg
thumbnails/_New York/middletown-new-york-1887.jpg
thumbnails/_New York/middletown-new-york-1892.jpg
thumbnails/_New York/middletown-new-york-1897.jpg
thumbnails/_New York/middletown-new-york-1904.jpg
thumbnails/_New York/middletown-new-york-1910.jpg
thumbnails/_New York/mount-vernon-new-york-1887.jpg
thumbnails/_New York/new-rochelle-new-york-1892.jpg
thumbnails/_New York/new-rochelle-new-york-1896.jpg
thumbnails/_New York/new-rochelle-new-york-1903.jpg
thumbnails/_New York/new-york-new-york-1896.jpg
thumbnails/_New York/new-york-new-york-1899.jpg
thumbnails/_New York/newark-new-york-1890.jpg
thumbnails/_New York/newark-new-york-1906.jpg
thumbnails/_New York/newark-new-york-1912.jpg
thumbnails/_New York/newburgh-new-york-1884.jpg
thumbnails/_New York/niagara-falls-new-york-1892.jpg
thumbnails/_New York/norwich-new-york-1887.jpg
thumbnails/_New York/norwich-new-york-1892.jpg
thumbnails/_New York/norwich-new-york-1910.jpg
thumbnails/_New York/norwich-new-york-1917.jpg
thumbnails/_New York/nyack-new-york-1887.jpg
thumbnails/_New York/ogdensburg-new-york-1892.jpg
thumbnails/_New York/ogdensburg-new-york-1898.jpg
thumbnails/_New York/ogdensburg-new-york-1904.jpg
thumbnails/_New York/ogdensburg-new-york-1909.jpg
thumbnails/_New York/ogdensburg-new-york-1918.jpg
thumbnails/_New York/olean-new-york-1891.jpg
thumbnails/_New York/olean-new-york-1894.jpg
thumbnails/_New York/olean-new-york-1898.jpg
thumbnails/_New York/olean-new-york-1904.jpg
thumbnails/_New York/olean-new-york-1909.jpg
thumbnails/_New York/olean-new-york-1915.jpg
thumbnails/_New York/oneida-new-york-1909.jpg
thumbnails/_New York/oneida-new-york-1914.jpg
thumbnails/_New York/oneida-new-york-1923.jpg
thumbnails/_New York/oneonta-new-york-1886.jpg
thumbnails/_New York/oneonta-new-york-1893.jpg
thumbnails/_New York/oneonta-new-york-1898.jpg
thumbnails/_New York/oneonta-new-york-1905.jpg
thumbnails/_New York/oneonta-new-york-1910.jpg
thumbnails/_New York/oneonta-new-york-1916.jpg
thumbnails/_New York/ossining-new-york-1903.jpg
thumbnails/_New York/oswego-new-york-1890.jpg
thumbnails/_New York/oswego-new-york-1897.jpg
thumbnails/_New York/owego-new-york-1888.jpg
thumbnails/_New York/owego-new-york-1893.jpg
thumbnails/_New York/owego-new-york-1904.jpg
thumbnails/_New York/owego-new-york-1910.jpg
thumbnails/_New York/palmyra-new-york-1884.jpg
thumbnails/_New York/palmyra-new-york-1889.jpg
thumbnails/_New York/palmyra-new-york-1894.jpg
thumbnails/_New York/palmyra-new-york-1899.jpg
thumbnails/_New York/palmyra-new-york-1912.jpg
thumbnails/_New York/patchogue-new-york-1897.jpg
thumbnails/_New York/patchogue-new-york-1902.jpg
thumbnails/_New York/patchogue-new-york-1910.jpg
thumbnails/_New York/patchogue-new-york-1916.jpg
thumbnails/_New York/peekskill-new-york-1887.jpg
thumbnails/_New York/peekskill-new-york-1895.jpg
thumbnails/_New York/peekskill-new-york-1900.jpg
thumbnails/_New York/peekskill-new-york-1905.jpg
thumbnails/_New York/penn-yan-new-york-1886.jpg
thumbnails/_New York/penn-yan-new-york-1909.jpg
thumbnails/_New York/penn-yan-new-york-1915.jpg
thumbnails/_New York/penn-yan-new-york-1922.jpg
thumbnails/_New York/plattsburg-new-york-1891.jpg
thumbnails/_New York/port-chester-new-york-1885.jpg
thumbnails/_New York/port-jervis-new-york-1888.jpg
thumbnails/_New York/port-jervis-new-york-1894.jpg
thumbnails/_New York/port-jervis-new-york-1900.jpg
thumbnails/_New York/port-jervis-new-york-1905.jpg
thumbnails/_New York/port-washington-new-york-1919.jpg
thumbnails/_New York/poughkeepsie-new-york-1887.jpg
thumbnails/_New York/rockaway-beach-new-york-1894.jpg
thumbnails/_New York/rockville-centre-new-york-1910.jpg
thumbnails/_New York/salamanca-new-york-1910.jpg
thumbnails/_New York/salamanca-new-york-1918.jpg
thumbnails/_New York/saugerties-new-york-1887.jpg
thumbnails/_New York/saugerties-new-york-1892.jpg
thumbnails/_New York/saugerties-new-york-1912.jpg
thumbnails/_New York/sayville-new-york-1915.jpg
thumbnails/_New York/schenectady-new-york-1884.jpg
thumbnails/_New York/schenectady-new-york-1889.jpg
thumbnails/_New York/sea-cliff-new-york-1917.jpg
thumbnails/_New York/seneca-falls-new-york-1886.jpg
thumbnails/_New York/seneca-falls-new-york-1892.jpg
thumbnails/_New York/seneca-falls-new-york-1911.jpg
thumbnails/_New York/seneca-falls-new-york-1916.jpg
thumbnails/_New York/sing-sing-new-york-1891.jpg
thumbnails/_New York/sing-sing-new-york-1897.jpg
thumbnails/_New York/skaneateles-new-york-1884.jpg
thumbnails/_New York/southampton-new-york-1916.jpg
thumbnails/_New York/tonawanda-new-york-1889.jpg
thumbnails/_New York/tonawanda-new-york-1893.jpg
thumbnails/_New York/tuckahoe-new-york-1911.jpg
thumbnails/_New York/utica-new-york-1884.jpg
thumbnails/_New York/walton-new-york-1911.jpg
thumbnails/_New York/warrensburg-new-york-1912.jpg
thumbnails/_New York/warsaw-new-york-1909.jpg
thumbnails/_New York/waterford-new-york-1887.jpg
thumbnails/_New York/waterloo-new-york-1893.jpg
thumbnails/_New York/waterloo-new-york-1911.jpg
thumbnails/_New York/waterloo-new-york-1918.jpg
thumbnails/_New York/watertown-new-york-1884.jpg
thumbnails/_New York/watertown-new-york-1890.jpg
thumbnails/_New York/watkins-glen-new-york-1891.jpg
thumbnails/_New York/waverly-new-york-1893.jpg
thumbnails/_New York/wellsville-new-york-1886.jpg
thumbnails/_New York/westfield-new-york-1912.jpg
thumbnails/_New York/whitesboro-new-york-1911.jpg
thumbnails/_New York/williamsbridge-new-york-1895.jpg
thumbnails/_New York/yonkers-new-york-1886.jpg
thumbnails/_New York/yonkers-new-york-1898.jpg

--- North Carolina ---
thumbnails/_North Carolina/asheville-north-carolina-1891.jpg
thumbnails/_North Carolina/asheville-north-carolina-1896.jpg
thumbnails/_North Carolina/asheville-north-carolina-1901.jpg
thumbnails/_North Carolina/asheville-north-carolina-1907.jpg
thumbnails/_North Carolina/asheville-north-carolina-1913.jpg
thumbnails/_North Carolina/asheville-north-carolina-1917.jpg
thumbnails/_North Carolina/burlington-north-carolina-1918.jpg
thumbnails/_North Carolina/burlington-north-carolina-1929.jpg
thumbnails/_North Carolina/charlotte-north-carolina-1885.jpg
thumbnails/_North Carolina/charlotte-north-carolina-1890.jpg
thumbnails/_North Carolina/charlotte-north-carolina-1896.jpg
thumbnails/_North Carolina/charlotte-north-carolina-1900.jpg
thumbnails/_North Carolina/charlotte-north-carolina-1905.jpg
thumbnails/_North Carolina/concord-north-carolina-1906.jpg
thumbnails/_North Carolina/concord-north-carolina-1911.jpg
thumbnails/_North Carolina/concord-north-carolina-1924.jpg
thumbnails/_North Carolina/durham-north-carolina-1888.jpg
thumbnails/_North Carolina/durham-north-carolina-1893.jpg
thumbnails/_North Carolina/durham-north-carolina-1898.jpg
thumbnails/_North Carolina/durham-north-carolina-1902.jpg
thumbnails/_North Carolina/durham-north-carolina-1907.jpg
thumbnails/_North Carolina/edenton-north-carolina-1920.jpg
thumbnails/_North Carolina/elizabeth-city-north-carolina-1908.jpg
thumbnails/_North Carolina/elizabeth-city-north-carolina-1914.jpg
thumbnails/_North Carolina/elizabeth-city-north-carolina-1923.jpg
thumbnails/_North Carolina/fayetteville-north-carolina-1891.jpg
thumbnails/_North Carolina/fayetteville-north-carolina-1914.jpg
thumbnails/_North Carolina/fayetteville-north-carolina-1923.jpg
thumbnails/_North Carolina/gastonia-north-carolina-1915.jpg
thumbnails/_North Carolina/gastonia-north-carolina-1922.jpg
thumbnails/_North Carolina/goldsboro-north-carolina-1891.jpg
thumbnails/_North Carolina/goldsboro-north-carolina-1896.jpg
thumbnails/_North Carolina/goldsboro-north-carolina-1901.jpg
thumbnails/_North Carolina/goldsboro-north-carolina-1908.jpg
thumbnails/_North Carolina/goldsboro-north-carolina-1913.jpg
thumbnails/_North Carolina/goldsboro-north-carolina-1918.jpg
thumbnails/_North Carolina/greensboro-north-carolina-1885.jpg
thumbnails/_North Carolina/greensboro-north-carolina-1888.jpg
thumbnails/_North Carolina/greensboro-north-carolina-1891.jpg
thumbnails/_North Carolina/greensboro-north-carolina-1896.jpg
thumbnails/_North Carolina/greensboro-north-carolina-1902.jpg
thumbnails/_North Carolina/greensboro-north-carolina-1907.jpg
thumbnails/_North Carolina/greensboro-north-carolina-1919.jpg
thumbnails/_North Carolina/greenville-north-carolina-1916.jpg
thumbnails/_North Carolina/greenville-north-carolina-1923.jpg
thumbnails/_North Carolina/henderson-north-carolina-1912.jpg
thumbnails/_North Carolina/henderson-north-carolina-1917.jpg
thumbnails/_North Carolina/hendersonville-north-carolina-1922.jpg
thumbnails/_North Carolina/hickory-north-carolina-1919.jpg
thumbnails/_North Carolina/hickory-north-carolina-1925.jpg
thumbnails/_North Carolina/high-point-north-carolina-1906.jpg
thumbnails/_North Carolina/high-point-north-carolina-1911.jpg
thumbnails/_North Carolina/high-point-north-carolina-1917.jpg
thumbnails/_North Carolina/kannapolis-north-carolina-1943.jpg
thumbnails/_North Carolina/kinston-north-carolina-1908.jpg
thumbnails/_North Carolina/kinston-north-carolina-1914.jpg
thumbnails/_North Carolina/kinston-north-carolina-1925.jpg
thumbnails/_North Carolina/leaksville-spray-north-carolina-1921.jpg
thumbnails/_North Carolina/lenoir-north-carolina-1921.jpg
thumbnails/_North Carolina/lexington-north-carolina-1923.jpg
thumbnails/_North Carolina/lincolnton-north-carolina-1921.jpg
thumbnails/_North Carolina/monroe-north-carolina-1922.jpg
thumbnails/_North Carolina/monroe-north-carolina-1930.jpg
thumbnails/_North Carolina/mount-airy-north-carolina-1922.jpg
thumbnails/_North Carolina/new-bern-north-carolina-1888.jpg
thumbnails/_North Carolina/new-bern-north-carolina-1893.jpg
thumbnails/_North Carolina/new-bern-north-carolina-1908.jpg
thumbnails/_North Carolina/new-bern-north-carolina-1913.jpg
thumbnails/_North Carolina/new-bern-north-carolina-1924.jpg
thumbnails/_North Carolina/oxford-north-carolina-1922.jpg
thumbnails/_North Carolina/raleigh-north-carolina-1888.jpg
thumbnails/_North Carolina/raleigh-north-carolina-1896.jpg
thumbnails/_North Carolina/raleigh-north-carolina-1903.jpg
thumbnails/_North Carolina/raleigh-north-carolina-1909.jpg
thumbnails/_North Carolina/raleigh-north-carolina-1914.jpg
thumbnails/_North Carolina/reidsville-north-carolina-1922.jpg
thumbnails/_North Carolina/rocky-mount-north-carolina-1912.jpg
thumbnails/_North Carolina/rocky-mount-north-carolina-1917.jpg
thumbnails/_North Carolina/salisbury-north-carolina-1907.jpg
thumbnails/_North Carolina/salisbury-north-carolina-1913.jpg
thumbnails/_North Carolina/salisbury-north-carolina-1922.jpg
thumbnails/_North Carolina/shelby-north-carolina-1921.jpg
thumbnails/_North Carolina/statesville-north-carolina-1911.jpg
thumbnails/_North Carolina/statesville-north-carolina-1918.jpg
thumbnails/_North Carolina/statesville-north-carolina-1925.jpg
thumbnails/_North Carolina/thomasville-north-carolina-1923.jpg
thumbnails/_North Carolina/trinity-college-north-carolina-1885.jpg
thumbnails/_North Carolina/trinity-college-north-carolina-1888.jpg
thumbnails/_North Carolina/washington-north-carolina-1901.jpg
thumbnails/_North Carolina/washington-north-carolina-1904.jpg
thumbnails/_North Carolina/washington-north-carolina-1911.jpg
thumbnails/_North Carolina/wilmington-north-carolina-1884.jpg
thumbnails/_North Carolina/wilmington-north-carolina-1889.jpg
thumbnails/_North Carolina/wilmington-north-carolina-1893.jpg
thumbnails/_North Carolina/wilmington-north-carolina-1898.jpg
thumbnails/_North Carolina/wilmington-north-carolina-1904.jpg
thumbnails/_North Carolina/wilmington-north-carolina-1915.jpg
thumbnails/_North Carolina/wilson-north-carolina-1922.jpg
thumbnails/_North Carolina/winston-salem-north-carolina-1885.jpg
thumbnails/_North Carolina/winston-salem-north-carolina-1890.jpg
thumbnails/_North Carolina/winston-salem-north-carolina-1895.jpg
thumbnails/_North Carolina/winston-salem-north-carolina-1900.jpg
thumbnails/_North Carolina/winston-salem-north-carolina-1907.jpg
thumbnails/_North Carolina/winston-salem-north-carolina-1912.jpg

--- North Dakota ---
thumbnails/_North Dakota/bismarck-north-dakota-1888.jpg
thumbnails/_North Dakota/bismarck-north-dakota-1912.jpg
thumbnails/_North Dakota/bismarck-north-dakota-1919.jpg
thumbnails/_North Dakota/fargo-north-dakota-1884.jpg
thumbnails/_North Dakota/fargo-north-dakota-1888.jpg
thumbnails/_North Dakota/fargo-north-dakota-1892.jpg
thumbnails/_North Dakota/fargo-north-dakota-1896.jpg
thumbnails/_North Dakota/fargo-north-dakota-1901.jpg
thumbnails/_North Dakota/fargo-north-dakota-1905.jpg
thumbnails/_North Dakota/fargo-north-dakota-1910.jpg
thumbnails/_North Dakota/fargo-north-dakota-1916.jpg
thumbnails/_North Dakota/fargo-north-dakota-1922.jpg
thumbnails/_North Dakota/fargo-north-dakota-1929.jpg
thumbnails/_North Dakota/grand-forks-north-dakota-1884.jpg
thumbnails/_North Dakota/grand-forks-north-dakota-1888.jpg
thumbnails/_North Dakota/grand-forks-north-dakota-1892.jpg
thumbnails/_North Dakota/grand-forks-north-dakota-1897.jpg
thumbnails/_North Dakota/grand-forks-north-dakota-1901.jpg
thumbnails/_North Dakota/grand-forks-north-dakota-1906.jpg
thumbnails/_North Dakota/grand-forks-north-dakota-1912.jpg
thumbnails/_North Dakota/grand-forks-north-dakota-1916.jpg
thumbnails/_North Dakota/jamestown-north-dakota-1919.jpg
thumbnails/_North Dakota/mandan-north-dakota-1919.jpg
thumbnails/_North Dakota/minot-north-dakota-1918.jpg
thumbnails/_North Dakota/minot-north-dakota-1926.jpg

--- Pennsylvania ---
thumbnails/_Pennsylvania/allentown-pennsylvania-1885.jpg
thumbnails/_Pennsylvania/allentown-pennsylvania-1891.jpg
thumbnails/_Pennsylvania/allentown-pennsylvania-1897.jpg
thumbnails/_Pennsylvania/altoona-pennsylvania-1888.jpg
thumbnails/_Pennsylvania/altoona-pennsylvania-1894.jpg
thumbnails/_Pennsylvania/altoona-pennsylvania-1909.jpg
thumbnails/_Pennsylvania/ambler-pennsylvania-1921.jpg
thumbnails/_Pennsylvania/ambridge-pennsylvania-1911.jpg
thumbnails/_Pennsylvania/ambridge-pennsylvania-1917.jpg
thumbnails/_Pennsylvania/ambridge-pennsylvania-1923.jpg
thumbnails/_Pennsylvania/archbald-pennsylvania-1912.jpg
thumbnails/_Pennsylvania/ashland-pennsylvania-1921.jpg
thumbnails/_Pennsylvania/athens-pennsylvania-1911.jpg
thumbnails/_Pennsylvania/bangor-pennsylvania-1902.jpg
thumbnails/_Pennsylvania/bangor-pennsylvania-1912.jpg
thumbnails/_Pennsylvania/bangor-pennsylvania-1923.jpg
thumbnails/_Pennsylvania/beaver-pennsylvania-1912.jpg
thumbnails/_Pennsylvania/beaver-falls-pennsylvania-1886.jpg
thumbnails/_Pennsylvania/beaver-falls-pennsylvania-1891.jpg
thumbnails/_Pennsylvania/beaver-falls-pennsylvania-1896.jpg
thumbnails/_Pennsylvania/beaver-falls-pennsylvania-1901.jpg
thumbnails/_Pennsylvania/beaver-falls-pennsylvania-1921.jpg
thumbnails/_Pennsylvania/bellefonte-pennsylvania-1887.jpg
thumbnails/_Pennsylvania/bellefonte-pennsylvania-1892.jpg
thumbnails/_Pennsylvania/bellefonte-pennsylvania-1897.jpg
thumbnails/_Pennsylvania/bellefonte-pennsylvania-1911.jpg
thumbnails/_Pennsylvania/bellefonte-pennsylvania-1922.jpg
thumbnails/_Pennsylvania/berwick-pennsylvania-1907.jpg
thumbnails/_Pennsylvania/berwick-pennsylvania-1913.jpg
thumbnails/_Pennsylvania/berwick-pennsylvania-1919.jpg
thumbnails/_Pennsylvania/bethlehem-pennsylvania-1885.jpg
thumbnails/_Pennsylvania/bethlehem-pennsylvania-1892.jpg
thumbnails/_Pennsylvania/bethlehem-pennsylvania-1897.jpg
thumbnails/_Pennsylvania/bethlehem-pennsylvania-1904.jpg
thumbnails/_Pennsylvania/blairsville-pennsylvania-1897.jpg
thumbnails/_Pennsylvania/blairsville-pennsylvania-1903.jpg
thumbnails/_Pennsylvania/blairsville-pennsylvania-1909.jpg
thumbnails/_Pennsylvania/bloomsburg-pennsylvania-1891.jpg
thumbnails/_Pennsylvania/bloomsburg-pennsylvania-1896.jpg
thumbnails/_Pennsylvania/bloomsburg-pennsylvania-1901.jpg
thumbnails/_Pennsylvania/bloomsburg-pennsylvania-1907.jpg
thumbnails/_Pennsylvania/bloomsburg-pennsylvania-1922.jpg
thumbnails/_Pennsylvania/braddock-pennsylvania-1896.jpg
thumbnails/_Pennsylvania/braddock-pennsylvania-1901.jpg
thumbnails/_Pennsylvania/braddock-pennsylvania-1908.jpg
thumbnails/_Pennsylvania/braddock-pennsylvania-1914.jpg
thumbnails/_Pennsylvania/bradford-pennsylvania-1886.jpg
thumbnails/_Pennsylvania/bradford-pennsylvania-1890.jpg
thumbnails/_Pennsylvania/bradford-pennsylvania-1895.jpg
thumbnails/_Pennsylvania/bradford-pennsylvania-1899.jpg
thumbnails/_Pennsylvania/bradford-pennsylvania-1905.jpg
thumbnails/_Pennsylvania/bradford-pennsylvania-1911.jpg
thumbnails/_Pennsylvania/bridgeport-pennsylvania-1920.jpg
thumbnails/_Pennsylvania/bridgeport-pennsylvania-1927.jpg
thumbnails/_Pennsylvania/bristol-pennsylvania-1886.jpg
thumbnails/_Pennsylvania/bristol-pennsylvania-1894.jpg
thumbnails/_Pennsylvania/bristol-pennsylvania-1903.jpg
thumbnails/_Pennsylvania/bristol-pennsylvania-1915.jpg
thumbnails/_Pennsylvania/bristol-pennsylvania-1920.jpg
thumbnails/_Pennsylvania/brookville-pennsylvania-1894.jpg
thumbnails/_Pennsylvania/brookville-pennsylvania-1910.jpg
thumbnails/_Pennsylvania/brookville-pennsylvania-1921.jpg
thumbnails/_Pennsylvania/brownsville-pennsylvania-1886.jpg
thumbnails/_Pennsylvania/brownsville-pennsylvania-1907.jpg
thumbnails/_Pennsylvania/brownsville-pennsylvania-1913.jpg
thumbnails/_Pennsylvania/brownsville-pennsylvania-1921.jpg
thumbnails/_Pennsylvania/butler-pennsylvania-1886.jpg
thumbnails/_Pennsylvania/butler-pennsylvania-1891.jpg
thumbnails/_Pennsylvania/butler-pennsylvania-1896.jpg
thumbnails/_Pennsylvania/butler-pennsylvania-1901.jpg
thumbnails/_Pennsylvania/butler-pennsylvania-1906.jpg
thumbnails/_Pennsylvania/butler-pennsylvania-1921.jpg
thumbnails/_Pennsylvania/california-pennsylvania-1927.jpg
thumbnails/_Pennsylvania/canonsburg-pennsylvania-1925.jpg
thumbnails/_Pennsylvania/carbondale-pennsylvania-1903.jpg
thumbnails/_Pennsylvania/carbondale-pennsylvania-1912.jpg
thumbnails/_Pennsylvania/carbondale-pennsylvania-1923.jpg
thumbnails/_Pennsylvania/carlisle-pennsylvania-1885.jpg
thumbnails/_Pennsylvania/carlisle-pennsylvania-1890.jpg
thumbnails/_Pennsylvania/carlisle-pennsylvania-1896.jpg
thumbnails/_Pennsylvania/carlisle-pennsylvania-1902.jpg
thumbnails/_Pennsylvania/carlisle-pennsylvania-1909.jpg
thumbnails/_Pennsylvania/carlisle-pennsylvania-1915.jpg
thumbnails/_Pennsylvania/carlisle-pennsylvania-1923.jpg
thumbnails/_Pennsylvania/catasauqua-pennsylvania-1908.jpg
thumbnails/_Pennsylvania/catasauqua-pennsylvania-1913.jpg
thumbnails/_Pennsylvania/chambersburg-pennsylvania-1887.jpg
thumbnails/_Pennsylvania/chambersburg-pennsylvania-1894.jpg
thumbnails/_Pennsylvania/chambersburg-pennsylvania-1899.jpg
thumbnails/_Pennsylvania/chambersburg-pennsylvania-1904.jpg
thumbnails/_Pennsylvania/chambersburg-pennsylvania-1910.jpg
thumbnails/_Pennsylvania/chambersburg-pennsylvania-1916.jpg
thumbnails/_Pennsylvania/charleroi-pennsylvania-1913.jpg
thumbnails/_Pennsylvania/chester-pennsylvania-1885.jpg
thumbnails/_Pennsylvania/chester-pennsylvania-1891.jpg
thumbnails/_Pennsylvania/chester-pennsylvania-1898.jpg
thumbnails/_Pennsylvania/clairton-pennsylvania-1924.jpg
thumbnails/_Pennsylvania/clearfield-pennsylvania-1904.jpg
thumbnails/_Pennsylvania/clearfield-pennsylvania-1910.jpg
thumbnails/_Pennsylvania/clearfield-pennsylvania-1917.jpg
thumbnails/_Pennsylvania/clearfield-pennsylvania-1928.jpg
thumbnails/_Pennsylvania/coatesville-pennsylvania-1886.jpg
thumbnails/_Pennsylvania/coatesville-pennsylvania-1909.jpg
thumbnails/_Pennsylvania/coatesville-pennsylvania-1921.jpg
thumbnails/_Pennsylvania/coatesville-pennsylvania-1928.jpg
thumbnails/_Pennsylvania/columbia-pennsylvania-1886.jpg
thumbnails/_Pennsylvania/columbia-pennsylvania-1894.jpg
thumbnails/_Pennsylvania/columbia-pennsylvania-1899.jpg
thumbnails/_Pennsylvania/columbia-pennsylvania-1904.jpg
thumbnails/_Pennsylvania/connellsville-pennsylvania-1908.jpg
thumbnails/_Pennsylvania/connellsville-pennsylvania-1914.jpg
thumbnails/_Pennsylvania/connellsville-pennsylvania-1924.jpg
thumbnails/_Pennsylvania/coraopolis-pennsylvania-1911.jpg
thumbnails/_Pennsylvania/coraopolis-pennsylvania-1924.jpg
thumbnails/_Pennsylvania/corry-pennsylvania-1886.jpg
thumbnails/_Pennsylvania/corry-pennsylvania-1891.jpg
thumbnails/_Pennsylvania/corry-pennsylvania-1909.jpg
thumbnails/_Pennsylvania/corry-pennsylvania-1915.jpg
thumbnails/_Pennsylvania/corry-pennsylvania-1923.jpg
thumbnails/_Pennsylvania/coudersport-pennsylvania-1911.jpg
thumbnails/_Pennsylvania/danville-pennsylvania-1886.jpg
thumbnails/_Pennsylvania/danville-pennsylvania-1891.jpg
thumbnails/_Pennsylvania/danville-pennsylvania-1896.jpg
thumbnails/_Pennsylvania/danville-pennsylvania-1901.jpg
thumbnails/_Pennsylvania/danville-pennsylvania-1907.jpg
thumbnails/_Pennsylvania/danville-pennsylvania-1923.jpg
thumbnails/_Pennsylvania/danville-pennsylvania-1930.jpg
thumbnails/_Pennsylvania/dickson-city-pennsylvania-1912.jpg
thumbnails/_Pennsylvania/du-bois-pennsylvania-1891.jpg
thumbnails/_Pennsylvania/du-bois-pennsylvania-1896.jpg
thumbnails/_Pennsylvania/du-bois-pennsylvania-1901.jpg
thumbnails/_Pennsylvania/du-bois-pennsylvania-1906.jpg
thumbnails/_Pennsylvania/du-bois-pennsylvania-1913.jpg
thumbnails/_Pennsylvania/duquesne-pennsylvania-1907.jpg
thumbnails/_Pennsylvania/duquesne-pennsylvania-1911.jpg
thumbnails/_Pennsylvania/duquesne-pennsylvania-1917.jpg
thumbnails/_Pennsylvania/duquesne-pennsylvania-1924.jpg
thumbnails/_Pennsylvania/easton-pennsylvania-1885.jpg
thumbnails/_Pennsylvania/easton-pennsylvania-1892.jpg
thumbnails/_Pennsylvania/easton-pennsylvania-1897.jpg
thumbnails/_Pennsylvania/easton-pennsylvania-1904.jpg
thumbnails/_Pennsylvania/easton-pennsylvania-1919.jpg
thumbnails/_Pennsylvania/edwardsville-pennsylvania-1919.jpg
thumbnails/_Pennsylvania/edwardsville-pennsylvania-1925.jpg
thumbnails/_Pennsylvania/ellwood-city-pennsylvania-1908.jpg
thumbnails/_Pennsylvania/ellwood-city-pennsylvania-1914.jpg
thumbnails/_Pennsylvania/ellwood-city-pennsylvania-1921.jpg
thumbnails/_Pennsylvania/emaus-pennsylvania-1922.jpg
thumbnails/_Pennsylvania/emporium-pennsylvania-1887.jpg
thumbnails/_Pennsylvania/emporium-pennsylvania-1892.jpg
thumbnails/_Pennsylvania/emporium-pennsylvania-1909.jpg
thumbnails/_Pennsylvania/emporium-pennsylvania-1915.jpg
thumbnails/_Pennsylvania/emporium-pennsylvania-1925.jpg
thumbnails/_Pennsylvania/erie-pennsylvania-1888.jpg
thumbnails/_Pennsylvania/erie-pennsylvania-1891.jpg
thumbnails/_Pennsylvania/erie-pennsylvania-1900.jpg
thumbnails/_Pennsylvania/ford-city-pennsylvania-1921.jpg
thumbnails/_Pennsylvania/forest-city-pennsylvania-1927.jpg
thumbnails/_Pennsylvania/franklin-pennsylvania-1886.jpg
thumbnails/_Pennsylvania/franklin-pennsylvania-1891.jpg
thumbnails/_Pennsylvania/franklin-pennsylvania-1896.jpg
thumbnails/_Pennsylvania/franklin-pennsylvania-1901.jpg
thumbnails/_Pennsylvania/franklin-pennsylvania-1906.jpg
thumbnails/_Pennsylvania/franklin-pennsylvania-1912.jpg
thumbnails/_Pennsylvania/galeton-pennsylvania-1911.jpg
thumbnails/_Pennsylvania/gettysburg-pennsylvania-1912.jpg
thumbnails/_Pennsylvania/gettysburg-pennsylvania-1924.jpg
thumbnails/_Pennsylvania/glenside-pennsylvania-1920.jpg
thumbnails/_Pennsylvania/glenside-pennsylvania-1925.jpg
thumbnails/_Pennsylvania/greensburg-pennsylvania-1891.jpg
thumbnails/_Pennsylvania/greensburg-pennsylvania-1897.jpg
thumbnails/_Pennsylvania/greensburg-pennsylvania-1903.jpg
thumbnails/_Pennsylvania/greensburg-pennsylvania-1909.jpg
thumbnails/_Pennsylvania/greensburg-pennsylvania-1913.jpg
thumbnails/_Pennsylvania/greenville-pennsylvania-1911.jpg
thumbnails/_Pennsylvania/greenville-pennsylvania-1922.jpg
thumbnails/_Pennsylvania/grove-city-pennsylvania-1912.jpg
thumbnails/_Pennsylvania/grove-city-pennsylvania-1920.jpg
thumbnails/_Pennsylvania/hanover-pennsylvania-1907.jpg
thumbnails/_Pennsylvania/hanover-pennsylvania-1909.jpg
thumbnails/_Pennsylvania/hanover-pennsylvania-1912.jpg
thumbnails/_Pennsylvania/hanover-pennsylvania-1917.jpg
thumbnails/_Pennsylvania/hanover-pennsylvania-1924.jpg
thumbnails/_Pennsylvania/harrisburg-pennsylvania-1884.jpg
thumbnails/_Pennsylvania/harrisburg-pennsylvania-1890.jpg
thumbnails/_Pennsylvania/hazleton-pennsylvania-1884.jpg
thumbnails/_Pennsylvania/hazleton-pennsylvania-1891.jpg
thumbnails/_Pennsylvania/hazleton-pennsylvania-1895.jpg
thumbnails/_Pennsylvania/hazleton-pennsylvania-1900.jpg
thumbnails/_Pennsylvania/hazleton-pennsylvania-1905.jpg
thumbnails/_Pennsylvania/hazleton-pennsylvania-1909.jpg
thumbnails/_Pennsylvania/hollidaysburg-pennsylvania-1886.jpg
thumbnails/_Pennsylvania/hollidaysburg-pennsylvania-1911.jpg
thumbnails/_Pennsylvania/homestead-pennsylvania-1896.jpg
thumbnails/_Pennsylvania/homestead-pennsylvania-1901.jpg
thumbnails/_Pennsylvania/homestead-pennsylvania-1907.jpg
thumbnails/_Pennsylvania/homestead-pennsylvania-1913.jpg
thumbnails/_Pennsylvania/huntingdon-pennsylvania-1906.jpg
thumbnails/_Pennsylvania/huntingdon-pennsylvania-1911.jpg
thumbnails/_Pennsylvania/indiana-pennsylvania-1897.jpg
thumbnails/_Pennsylvania/indiana-pennsylvania-1903.jpg
thumbnails/_Pennsylvania/indiana-pennsylvania-1910.jpg
thumbnails/_Pennsylvania/indiana-pennsylvania-1916.jpg
thumbnails/_Pennsylvania/irwin-pennsylvania-1894.jpg
thumbnails/_Pennsylvania/irwin-pennsylvania-1919.jpg
thumbnails/_Pennsylvania/jeannette-pennsylvania-1895.jpg
thumbnails/_Pennsylvania/jeannette-pennsylvania-1900.jpg
thumbnails/_Pennsylvania/jeannette-pennsylvania-1905.jpg
thumbnails/_Pennsylvania/jeannette-pennsylvania-1910.jpg
thumbnails/_Pennsylvania/jeannette-pennsylvania-1916.jpg
thumbnails/_Pennsylvania/jermyn-pennsylvania-1912.jpg
thumbnails/_Pennsylvania/jermyn-pennsylvania-1923.jpg
thumbnails/_Pennsylvania/johnsonburg-pennsylvania-1919.jpg
thumbnails/_Pennsylvania/johnstown-pennsylvania-1886.jpg
thumbnails/_Pennsylvania/johnstown-pennsylvania-1891.jpg
thumbnails/_Pennsylvania/johnstown-pennsylvania-1895.jpg
thumbnails/_Pennsylvania/juniata-pennsylvania-1910.jpg
thumbnails/_Pennsylvania/kane-pennsylvania-1909.jpg
thumbnails/_Pennsylvania/kane-pennsylvania-1915.jpg
thumbnails/_Pennsylvania/kingston-pennsylvania-1911.jpg
thumbnails/_Pennsylvania/kingston-pennsylvania-1919.jpg
thumbnails/_Pennsylvania/kingston-pennsylvania-1925.jpg
thumbnails/_Pennsylvania/kittanning-pennsylvania-1909.jpg
thumbnails/_Pennsylvania/kittanning-pennsylvania-1913.jpg
thumbnails/_Pennsylvania/kittanning-pennsylvania-1925.jpg
thumbnails/_Pennsylvania/knoxville-borough-pennsylvania-1896.jpg
thumbnails/_Pennsylvania/lancaster-pennsylvania-1886.jpg
thumbnails/_Pennsylvania/lancaster-pennsylvania-1891.jpg
thumbnails/_Pennsylvania/lancaster-pennsylvania-1894.jpg
thumbnails/_Pennsylvania/lancaster-pennsylvania-1897.jpg
thumbnails/_Pennsylvania/langhorne-pennsylvania-1924.jpg
thumbnails/_Pennsylvania/lansdale-pennsylvania-1922.jpg
thumbnails/_Pennsylvania/latrobe-pennsylvania-1892.jpg
thumbnails/_Pennsylvania/latrobe-pennsylvania-1897.jpg
thumbnails/_Pennsylvania/latrobe-pennsylvania-1903.jpg
thumbnails/_Pennsylvania/lebanon-pennsylvania-1887.jpg
thumbnails/_Pennsylvania/lebanon-pennsylvania-1895.jpg
thumbnails/_Pennsylvania/lebanon-pennsylvania-1896.jpg
thumbnails/_Pennsylvania/lebanon-pennsylvania-1902.jpg
thumbnails/_Pennsylvania/lebanon-pennsylvania-1912.jpg
thumbnails/_Pennsylvania/lehighton-pennsylvania-1915.jpg
thumbnails/_Pennsylvania/lewisburg-pennsylvania-1890.jpg
thumbnails/_Pennsylvania/lewisburg-pennsylvania-1896.jpg
thumbnails/_Pennsylvania/lewisburg-pennsylvania-1925.jpg
thumbnails/_Pennsylvania/lewistown-pennsylvania-1885.jpg
thumbnails/_Pennsylvania/lewistown-pennsylvania-1910.jpg
thumbnails/_Pennsylvania/lewistown-pennsylvania-1923.jpg
thumbnails/_Pennsylvania/lock-haven-pennsylvania-1885.jpg
thumbnails/_Pennsylvania/lock-haven-pennsylvania-1891.jpg
thumbnails/_Pennsylvania/lock-haven-pennsylvania-1906.jpg
thumbnails/_Pennsylvania/lock-haven-pennsylvania-1914.jpg
thumbnails/_Pennsylvania/lock-haven-pennsylvania-1925.jpg
thumbnails/_Pennsylvania/luzerne-pennsylvania-1911.jpg
thumbnails/_Pennsylvania/luzerne-pennsylvania-1925.jpg
thumbnails/_Pennsylvania/mahanoy-city-pennsylvania-1885.jpg
thumbnails/_Pennsylvania/mahanoy-city-pennsylvania-1891.jpg
thumbnails/_Pennsylvania/mahanoy-city-pennsylvania-1896.jpg
thumbnails/_Pennsylvania/mahanoy-city-pennsylvania-1902.jpg
thumbnails/_Pennsylvania/mahanoy-city-pennsylvania-1907.jpg
thumbnails/_Pennsylvania/mahanoy-city-pennsylvania-1920.jpg
thumbnails/_Pennsylvania/marietta-pennsylvania-1886.jpg
thumbnails/_Pennsylvania/mauch-chunk-pennsylvania-1896.jpg
thumbnails/_Pennsylvania/mauch-chunk-pennsylvania-1902.jpg
thumbnails/_Pennsylvania/mauch-chunk-pennsylvania-1908.jpg
thumbnails/_Pennsylvania/mckeesport-pennsylvania-1884.jpg
thumbnails/_Pennsylvania/mckeesport-pennsylvania-1889.jpg
thumbnails/_Pennsylvania/mckeesport-pennsylvania-1894.jpg
thumbnails/_Pennsylvania/meadville-pennsylvania-1886.jpg
thumbnails/_Pennsylvania/meadville-pennsylvania-1891.jpg
thumbnails/_Pennsylvania/meadville-pennsylvania-1896.jpg
thumbnails/_Pennsylvania/meadville-pennsylvania-1901.jpg
thumbnails/_Pennsylvania/meadville-pennsylvania-1905.jpg
thumbnails/_Pennsylvania/meadville-pennsylvania-1912.jpg
thumbnails/_Pennsylvania/meadville-pennsylvania-1915.jpg
thumbnails/_Pennsylvania/meadville-pennsylvania-1922.jpg
thumbnails/_Pennsylvania/mechanicsburg-pennsylvania-1890.jpg
thumbnails/_Pennsylvania/mechanicsburg-pennsylvania-1896.jpg
thumbnails/_Pennsylvania/mechanicsburg-pennsylvania-1911.jpg
thumbnails/_Pennsylvania/mechanicsburg-pennsylvania-1923.jpg
thumbnails/_Pennsylvania/middletown-pennsylvania-1888.jpg
thumbnails/_Pennsylvania/middletown-pennsylvania-1896.jpg
thumbnails/_Pennsylvania/middletown-pennsylvania-1902.jpg
thumbnails/_Pennsylvania/middletown-pennsylvania-1911.jpg
thumbnails/_Pennsylvania/middletown-pennsylvania-1920.jpg
thumbnails/_Pennsylvania/middletown-pennsylvania-1928.jpg
thumbnails/_Pennsylvania/milton-pennsylvania-1890.jpg
thumbnails/_Pennsylvania/milton-pennsylvania-1896.jpg
thumbnails/_Pennsylvania/milton-pennsylvania-1901.jpg
thumbnails/_Pennsylvania/milton-pennsylvania-1906.jpg
thumbnails/_Pennsylvania/milton-pennsylvania-1913.jpg
thumbnails/_Pennsylvania/milton-pennsylvania-1918.jpg
thumbnails/_Pennsylvania/miners-mills-pennsylvania-1911.jpg
thumbnails/_Pennsylvania/monessen-pennsylvania-1908.jpg
thumbnails/_Pennsylvania/monessen-pennsylvania-1925.jpg
thumbnails/_Pennsylvania/monongahela-city-pennsylvania-1910.jpg
thumbnails/_Pennsylvania/monongahela-city-pennsylvania-1918.jpg
thumbnails/_Pennsylvania/monongahela-city-pennsylvania-1925.jpg
thumbnails/_Pennsylvania/mount-carmel-pennsylvania-1907.jpg
thumbnails/_Pennsylvania/mount-carmel-pennsylvania-1920.jpg
thumbnails/_Pennsylvania/nanticoke-pennsylvania-1888.jpg
thumbnails/_Pennsylvania/nanticoke-pennsylvania-1896.jpg
thumbnails/_Pennsylvania/nanticoke-pennsylvania-1903.jpg
thumbnails/_Pennsylvania/nanticoke-pennsylvania-1907.jpg
thumbnails/_Pennsylvania/nanticoke-pennsylvania-1912.jpg
thumbnails/_Pennsylvania/nanticoke-pennsylvania-1920.jpg
thumbnails/_Pennsylvania/nanticoke-pennsylvania-1928.jpg
thumbnails/_Pennsylvania/nazareth-pennsylvania-1912.jpg
thumbnails/_Pennsylvania/nazareth-pennsylvania-1928.jpg
thumbnails/_Pennsylvania/new-brighton-pennsylvania-1886.jpg
thumbnails/_Pennsylvania/new-brighton-pennsylvania-1891.jpg
thumbnails/_Pennsylvania/new-brighton-pennsylvania-1896.jpg
thumbnails/_Pennsylvania/new-brighton-pennsylvania-1901.jpg
thumbnails/_Pennsylvania/new-brighton-pennsylvania-1905.jpg
thumbnails/_Pennsylvania/new-brighton-pennsylvania-1906.jpg
thumbnails/_Pennsylvania/new-brighton-pennsylvania-1913.jpg
thumbnails/_Pennsylvania/new-brighton-pennsylvania-1918.jpg
thumbnails/_Pennsylvania/new-castle-pennsylvania-1888.jpg
thumbnails/_Pennsylvania/new-castle-pennsylvania-1894.jpg
thumbnails/_Pennsylvania/new-castle-pennsylvania-1899.jpg
thumbnails/_Pennsylvania/new-castle-pennsylvania-1904.jpg
thumbnails/_Pennsylvania/new-kensingto-pennsylvania-1900.jpg
thumbnails/_Pennsylvania/new-kensington-pennsylvania-1900.jpg
thumbnails/_Pennsylvania/new-kensington-pennsylvania-1905.jpg
thumbnails/_Pennsylvania/new-kensington-pennsylvania-1911.jpg
thumbnails/_Pennsylvania/new-kensington-pennsylvania-1915.jpg
thumbnails/_Pennsylvania/new-kensington-pennsylvania-1921.jpg
thumbnails/_Pennsylvania/new-kensington-pennsylvania-1928.jpg
thumbnails/_Pennsylvania/norristown-pennsylvania-1886.jpg
thumbnails/_Pennsylvania/norristown-pennsylvania-1891.jpg
thumbnails/_Pennsylvania/norristown-pennsylvania-1896.jpg
thumbnails/_Pennsylvania/norristown-pennsylvania-1902.jpg
thumbnails/_Pennsylvania/norristown-pennsylvania-1909.jpg
thumbnails/_Pennsylvania/norristown-pennsylvania-1920.jpg
thumbnails/_Pennsylvania/norristown-pennsylvania-1928.jpg
thumbnails/_Pennsylvania/northampton-pennsylvania-1923.jpg
thumbnails/_Pennsylvania/oil-city-pennsylvania-1886.jpg
thumbnails/_Pennsylvania/oil-city-pennsylvania-1891.jpg
thumbnails/_Pennsylvania/oil-city-pennsylvania-1895.jpg
thumbnails/_Pennsylvania/oil-city-pennsylvania-1901.jpg
thumbnails/_Pennsylvania/oil-city-pennsylvania-1906.jpg
thumbnails/_Pennsylvania/old-forge-pennsylvania-1927.jpg
thumbnails/_Pennsylvania/olyphant-pennsylvania-1912.jpg
thumbnails/_Pennsylvania/osceola-mills-pennsylvania-1921.jpg
thumbnails/_Pennsylvania/palmerton-pennsylvania-1921.jpg
thumbnails/_Pennsylvania/philipsburg-pennsylvania-1917.jpg
thumbnails/_Pennsylvania/phoenixville-pennsylvania-1886.jpg
thumbnails/_Pennsylvania/phoenixville-pennsylvania-1894.jpg
thumbnails/_Pennsylvania/phoenixville-pennsylvania-1900.jpg
thumbnails/_Pennsylvania/phoenixville-pennsylvania-1905.jpg
thumbnails/_Pennsylvania/phoenixville-pennsylvania-1913.jpg
thumbnails/_Pennsylvania/phoenixville-pennsylvania-1921.jpg
thumbnails/_Pennsylvania/pittsburg-pennsylvania-1884.jpg
thumbnails/_Pennsylvania/pittsburgh-pennsylvania-1884.jpg
thumbnails/_Pennsylvania/pittston-pennsylvania-1891.jpg
thumbnails/_Pennsylvania/pittston-pennsylvania-1896.jpg
thumbnails/_Pennsylvania/pittston-pennsylvania-1903.jpg
thumbnails/_Pennsylvania/plymouth-pennsylvania-1891.jpg
thumbnails/_Pennsylvania/plymouth-pennsylvania-1896.jpg
thumbnails/_Pennsylvania/plymouth-pennsylvania-1902.jpg
thumbnails/_Pennsylvania/plymouth-pennsylvania-1907.jpg
thumbnails/_Pennsylvania/plymouth-pennsylvania-1912.jpg
thumbnails/_Pennsylvania/pottstown-pennsylvania-1885.jpg
thumbnails/_Pennsylvania/pottstown-pennsylvania-1891.jpg
thumbnails/_Pennsylvania/pottstown-pennsylvania-1896.jpg
thumbnails/_Pennsylvania/pottstown-pennsylvania-1902.jpg
thumbnails/_Pennsylvania/pottstown-pennsylvania-1909.jpg
thumbnails/_Pennsylvania/pottstown-pennsylvania-1916.jpg
thumbnails/_Pennsylvania/pottstown-pennsylvania-1925.jpg
thumbnails/_Pennsylvania/pottsville-pennsylvania-1885.jpg
thumbnails/_Pennsylvania/pottsville-pennsylvania-1891.jpg
thumbnails/_Pennsylvania/pottsville-pennsylvania-1896.jpg
thumbnails/_Pennsylvania/pottsville-pennsylvania-1903.jpg
thumbnails/_Pennsylvania/punxsutawney-pennsylvania-1912.jpg
thumbnails/_Pennsylvania/punxsutawney-pennsylvania-1924.jpg
thumbnails/_Pennsylvania/quakertown-pennsylvania-1922.jpg
thumbnails/_Pennsylvania/quakertown-pennsylvania-1928.jpg
thumbnails/_Pennsylvania/reading-pennsylvania-1887.jpg
thumbnails/_Pennsylvania/renovo-pennsylvania-1887.jpg
thumbnails/_Pennsylvania/reynoldsville-pennsylvania-1912.jpg
thumbnails/_Pennsylvania/ridgway-pennsylvania-1909.jpg
thumbnails/_Pennsylvania/ridgway-pennsylvania-1915.jpg
thumbnails/_Pennsylvania/rochester-pennsylvania-1903.jpg
thumbnails/_Pennsylvania/rochester-pennsylvania-1908.jpg
thumbnails/_Pennsylvania/rochester-pennsylvania-1914.jpg
thumbnails/_Pennsylvania/royersford-pennsylvania-1895.jpg
thumbnails/_Pennsylvania/royersford-pennsylvania-1921.jpg
thumbnails/_Pennsylvania/royersford-pennsylvania-1928.jpg
thumbnails/_Pennsylvania/saint-marys-pennsylvania-1909.jpg
thumbnails/_Pennsylvania/saint-marys-pennsylvania-1915.jpg
thumbnails/_Pennsylvania/saint-marys-pennsylvania-1925.jpg
thumbnails/_Pennsylvania/sayre-pennsylvania-1915.jpg
thumbnails/_Pennsylvania/scottdale-pennsylvania-1908.jpg
thumbnails/_Pennsylvania/scottdale-pennsylvania-1914.jpg
thumbnails/_Pennsylvania/scottdale-pennsylvania-1925.jpg
thumbnails/_Pennsylvania/scranton-pennsylvania-1884.jpg
thumbnails/_Pennsylvania/scranton-pennsylvania-1888.jpg
thumbnails/_Pennsylvania/shamokin-pennsylvania-1885.jpg
thumbnails/_Pennsylvania/shamokin-pennsylvania-1891.jpg
thumbnails/_Pennsylvania/shamokin-pennsylvania-1896.jpg
thumbnails/_Pennsylvania/shamokin-pennsylvania-1901.jpg
thumbnails/_Pennsylvania/shamokin-pennsylvania-1907.jpg
thumbnails/_Pennsylvania/shamokin-pennsylvania-1913.jpg
thumbnails/_Pennsylvania/shamokin-pennsylvania-1922.jpg
thumbnails/_Pennsylvania/sharon-pennsylvania-1888.jpg
thumbnails/_Pennsylvania/sharon-pennsylvania-1893.jpg
thumbnails/_Pennsylvania/sharon-pennsylvania-1903.jpg
thumbnails/_Pennsylvania/sharon-pennsylvania-1908.jpg
thumbnails/_Pennsylvania/sharon-pennsylvania-1909.jpg
thumbnails/_Pennsylvania/sharon-pennsylvania-1915.jpg
thumbnails/_Pennsylvania/sharon-pennsylvania-1920.jpg
thumbnails/_Pennsylvania/sharpsville-pennsylvania-1912.jpg
thumbnails/_Pennsylvania/shenandoah-pennsylvania-1885.jpg
thumbnails/_Pennsylvania/shenandoah-pennsylvania-1891.jpg
thumbnails/_Pennsylvania/shenandoah-pennsylvania-1896.jpg
thumbnails/_Pennsylvania/shenandoah-pennsylvania-1902.jpg
thumbnails/_Pennsylvania/shenandoah-pennsylvania-1908.jpg
thumbnails/_Pennsylvania/shenandoah-pennsylvania-1913.jpg
thumbnails/_Pennsylvania/shenandoah-pennsylvania-1921.jpg
thumbnails/_Pennsylvania/shippensburg-pennsylvania-1910.jpg
thumbnails/_Pennsylvania/shippensburg-pennsylvania-1921.jpg
thumbnails/_Pennsylvania/slatington-pennsylvania-1908.jpg
thumbnails/_Pennsylvania/slatington-pennsylvania-1913.jpg
thumbnails/_Pennsylvania/souderton-pennsylvania-1924.jpg
thumbnails/_Pennsylvania/south-mountain-pennsylvania-1910.jpg
thumbnails/_Pennsylvania/state-college-pennsylvania-1922.jpg
thumbnails/_Pennsylvania/state-college-pennsylvania-1929.jpg
thumbnails/_Pennsylvania/steelton-pennsylvania-1890.jpg
thumbnails/_Pennsylvania/steelton-pennsylvania-1896.jpg
thumbnails/_Pennsylvania/steelton-pennsylvania-1902.jpg
thumbnails/_Pennsylvania/steelton-pennsylvania-1909.jpg
thumbnails/_Pennsylvania/steelton-pennsylvania-1915.jpg
thumbnails/_Pennsylvania/stroudsburg-pennsylvania-1905.jpg
thumbnails/_Pennsylvania/stroudsburg-pennsylvania-1912.jpg
thumbnails/_Pennsylvania/stroudsburg-pennsylvania-1923.jpg
thumbnails/_Pennsylvania/sunbury-pennsylvania-1887.jpg
thumbnails/_Pennsylvania/sunbury-pennsylvania-1896.jpg
thumbnails/_Pennsylvania/sunbury-pennsylvania-1901.jpg
thumbnails/_Pennsylvania/sunbury-pennsylvania-1907.jpg
thumbnails/_Pennsylvania/sunbury-pennsylvania-1912.jpg
thumbnails/_Pennsylvania/sunbury-pennsylvania-1918.jpg
thumbnails/_Pennsylvania/tamaqua-pennsylvania-1891.jpg
thumbnails/_Pennsylvania/tamaqua-pennsylvania-1896.jpg
thumbnails/_Pennsylvania/tamaqua-pennsylvania-1902.jpg
thumbnails/_Pennsylvania/tamaqua-pennsylvania-1908.jpg
thumbnails/_Pennsylvania/tamaqua-pennsylvania-1915.jpg
thumbnails/_Pennsylvania/tamaqua-pennsylvania-1923.jpg
thumbnails/_Pennsylvania/tarentum-pennsylvania-1909.jpg
thumbnails/_Pennsylvania/tarentum-pennsylvania-1914.jpg
thumbnails/_Pennsylvania/tarentum-pennsylvania-1924.jpg
thumbnails/_Pennsylvania/taylor-pennsylvania-1921.jpg
thumbnails/_Pennsylvania/titusville-pennsylvania-1887.jpg
thumbnails/_Pennsylvania/titusville-pennsylvania-1893.jpg
thumbnails/_Pennsylvania/titusville-pennsylvania-1898.jpg
thumbnails/_Pennsylvania/titusville-pennsylvania-1904.jpg
thumbnails/_Pennsylvania/titusville-pennsylvania-1912.jpg
thumbnails/_Pennsylvania/titusville-pennsylvania-1925.jpg
thumbnails/_Pennsylvania/towanda-pennsylvania-1885.jpg
thumbnails/_Pennsylvania/towanda-pennsylvania-1911.jpg
thumbnails/_Pennsylvania/towanda-pennsylvania-1927.jpg
thumbnails/_Pennsylvania/turtle-creek-valley-pennsylvania-1900.jpg
thumbnails/_Pennsylvania/turtle-creek-valley-pennsylvania-1906.jpg
thumbnails/_Pennsylvania/turtle-creek-valley-pennsylvania-1911.jpg
thumbnails/_Pennsylvania/turtle-creek-valley-pennsylvania-1919.jpg
thumbnails/_Pennsylvania/tyrone-pennsylvania-1891.jpg
thumbnails/_Pennsylvania/tyrone-pennsylvania-1906.jpg
thumbnails/_Pennsylvania/tyrone-pennsylvania-1911.jpg
thumbnails/_Pennsylvania/union-city-pennsylvania-1911.jpg
thumbnails/_Pennsylvania/uniontown-pennsylvania-1888.jpg
thumbnails/_Pennsylvania/uniontown-pennsylvania-1896.jpg
thumbnails/_Pennsylvania/uniontown-pennsylvania-1901.jpg
thumbnails/_Pennsylvania/uniontown-pennsylvania-1907.jpg
thumbnails/_Pennsylvania/uniontown-pennsylvania-1914.jpg
thumbnails/_Pennsylvania/vandergrift-pennsylvania-1915.jpg
thumbnails/_Pennsylvania/warren-pennsylvania-1887.jpg
thumbnails/_Pennsylvania/warren-pennsylvania-1892.jpg
thumbnails/_Pennsylvania/warren-pennsylvania-1898.jpg
thumbnails/_Pennsylvania/warren-pennsylvania-1904.jpg
thumbnails/_Pennsylvania/warren-pennsylvania-1912.jpg
thumbnails/_Pennsylvania/washington-pennsylvania-1886.jpg
thumbnails/_Pennsylvania/washington-pennsylvania-1891.jpg
thumbnails/_Pennsylvania/washington-pennsylvania-1896.jpg
thumbnails/_Pennsylvania/washington-pennsylvania-1900.jpg
thumbnails/_Pennsylvania/washington-pennsylvania-1904.jpg
thumbnails/_Pennsylvania/washington-pennsylvania-1909.jpg
thumbnails/_Pennsylvania/washington-pennsylvania-1914.jpg
thumbnails/_Pennsylvania/waynesboro-pennsylvania-1910.jpg
thumbnails/_Pennsylvania/waynesboro-pennsylvania-1916.jpg
thumbnails/_Pennsylvania/waynesburg-pennsylvania-1908.jpg
thumbnails/_Pennsylvania/waynesburg-pennsylvania-1918.jpg
thumbnails/_Pennsylvania/waynesburg-pennsylvania-1925.jpg
thumbnails/_Pennsylvania/wellsboro-pennsylvania-1910.jpg
thumbnails/_Pennsylvania/wellsboro-pennsylvania-1922.jpg
thumbnails/_Pennsylvania/west-chester-pennsylvania-1886.jpg
thumbnails/_Pennsylvania/west-chester-pennsylvania-1891.jpg
thumbnails/_Pennsylvania/west-chester-pennsylvania-1896.jpg
thumbnails/_Pennsylvania/west-chester-pennsylvania-1909.jpg
thumbnails/_Pennsylvania/wilkes-barre-pennsylvania-1884.jpg
thumbnails/_Pennsylvania/winton-pennsylvania-1912.jpg
thumbnails/_Pennsylvania/woodlawn-pennsylvania-1911.jpg

--- South Carolina ---
thumbnails/_South Carolina/aiken-south-carolina-1918.jpg
thumbnails/_South Carolina/anderson-south-carolina-1906.jpg
thumbnails/_South Carolina/anderson-south-carolina-1911.jpg
thumbnails/_South Carolina/anderson-south-carolina-1918.jpg
thumbnails/_South Carolina/beaufort-south-carolina-1912.jpg
thumbnails/_South Carolina/bennettsville-south-carolina-1920.jpg
thumbnails/_South Carolina/charleston-south-carolina-1884.jpg
thumbnails/_South Carolina/charleston-south-carolina-1888.jpg
thumbnails/_South Carolina/charleston-south-carolina-1902.jpg
thumbnails/_South Carolina/chester-south-carolina-1917.jpg
thumbnails/_South Carolina/clinton-south-carolina-1922.jpg
thumbnails/_South Carolina/columbia-south-carolina-1884.jpg
thumbnails/_South Carolina/columbia-south-carolina-1888.jpg
thumbnails/_South Carolina/columbia-south-carolina-1893.jpg
thumbnails/_South Carolina/columbia-south-carolina-1898.jpg
thumbnails/_South Carolina/columbia-south-carolina-1904.jpg
thumbnails/_South Carolina/columbia-south-carolina-1910.jpg
thumbnails/_South Carolina/columbia-south-carolina-1918.jpg
thumbnails/_South Carolina/columbia-south-carolina-1921.jpg
thumbnails/_South Carolina/darlington-south-carolina-1913.jpg
thumbnails/_South Carolina/florence-south-carolina-1912.jpg
thumbnails/_South Carolina/florence-south-carolina-1918.jpg
thumbnails/_South Carolina/florence-south-carolina-1924.jpg
thumbnails/_South Carolina/florence-south-carolina-1951.jpg
thumbnails/_South Carolina/georgetown-south-carolina-1894.jpg
thumbnails/_South Carolina/georgetown-south-carolina-1899.jpg
thumbnails/_South Carolina/greenville-south-carolina-1884.jpg
thumbnails/_South Carolina/greenville-south-carolina-1888.jpg
thumbnails/_South Carolina/greenville-south-carolina-1893.jpg
thumbnails/_South Carolina/greenville-south-carolina-1898.jpg
thumbnails/_South Carolina/greenville-south-carolina-1902.jpg
thumbnails/_South Carolina/greenville-south-carolina-1908.jpg
thumbnails/_South Carolina/greenville-south-carolina-1920.jpg
thumbnails/_South Carolina/greenwood-south-carolina-1923.jpg
thumbnails/_South Carolina/laurens-south-carolina-1912.jpg
thumbnails/_South Carolina/laurens-south-carolina-1922.jpg
thumbnails/_South Carolina/orangeburg-south-carolina-1922.jpg
thumbnails/_South Carolina/rock-hill-south-carolina-1916.jpg
thumbnails/_South Carolina/spartanburg-south-carolina-1909.jpg
thumbnails/_South Carolina/spartanburg-south-carolina-1912.jpg
thumbnails/_South Carolina/sumter-south-carolina-1906.jpg
thumbnails/_South Carolina/sumter-south-carolina-1912.jpg
thumbnails/_South Carolina/sumter-south-carolina-1915.jpg
thumbnails/_South Carolina/sumter-south-carolina-1923.jpg

--- South Dakota ---
thumbnails/_South Dakota/aberdeen-south-dakota-1908.jpg
thumbnails/_South Dakota/aberdeen-south-dakota-1912.jpg
thumbnails/_South Dakota/aberdeen-south-dakota-1917.jpg
thumbnails/_South Dakota/aberdeen-south-dakota-1923.jpg
thumbnails/_South Dakota/deadwood-south-dakota-1915.jpg
thumbnails/_South Dakota/huron-south-dakota-1910.jpg
thumbnails/_South Dakota/huron-south-dakota-1916.jpg
thumbnails/_South Dakota/lead-south-dakota-1915.jpg
thumbnails/_South Dakota/mitchell-south-dakota-1923.jpg
thumbnails/_South Dakota/rapid-city-south-dakota-1923.jpg
thumbnails/_South Dakota/sioux-falls-south-dakota-1886.jpg
thumbnails/_South Dakota/sioux-falls-south-dakota-1888.jpg
thumbnails/_South Dakota/sioux-falls-south-dakota-1891.jpg
thumbnails/_South Dakota/sioux-falls-south-dakota-1896.jpg
thumbnails/_South Dakota/sioux-falls-south-dakota-1902.jpg
thumbnails/_South Dakota/sioux-falls-south-dakota-1908.jpg
thumbnails/_South Dakota/sioux-falls-south-dakota-1911.jpg
thumbnails/_South Dakota/sioux-falls-south-dakota-1916.jpg
thumbnails/_South Dakota/watertown-south-dakota-1888.jpg
thumbnails/_South Dakota/watertown-south-dakota-1892.jpg
thumbnails/_South Dakota/watertown-south-dakota-1915.jpg
thumbnails/_South Dakota/yankton-south-dakota-1886.jpg
thumbnails/_South Dakota/yankton-south-dakota-1891.jpg
thumbnails/_South Dakota/yankton-south-dakota-1898.jpg
thumbnails/_South Dakota/yankton-south-dakota-1903.jpg
thumbnails/_South Dakota/yankton-south-dakota-1912.jpg
thumbnails/_South Dakota/yankton-south-dakota-1916.jpg

--- West Virginia ---
thumbnails/_West Virginia/beckley-west-virginia-1922.jpg
thumbnails/_West Virginia/bluefield-west-virginia-1910.jpg
thumbnails/_West Virginia/bluefield-west-virginia-1914.jpg
thumbnails/_West Virginia/bluefield-west-virginia-1922.jpg
thumbnails/_West Virginia/charleston-west-virginia-1888.jpg
thumbnails/_West Virginia/charleston-west-virginia-1893.jpg
thumbnails/_West Virginia/charleston-west-virginia-1897.jpg
thumbnails/_West Virginia/charleston-west-virginia-1902.jpg
thumbnails/_West Virginia/charleston-west-virginia-1907.jpg
thumbnails/_West Virginia/charleston-west-virginia-1912.jpg
thumbnails/_West Virginia/chester-west-virginia-1910.jpg
thumbnails/_West Virginia/clarksburg-west-virginia-1911.jpg
thumbnails/_West Virginia/clarksburg-west-virginia-1916.jpg
thumbnails/_West Virginia/elkins-west-virginia-1910.jpg
thumbnails/_West Virginia/fairmont-west-virginia-1902.jpg
thumbnails/_West Virginia/fairmont-west-virginia-1906.jpg
thumbnails/_West Virginia/fairmont-west-virginia-1918.jpg
thumbnails/_West Virginia/grafton-west-virginia-1911.jpg
thumbnails/_West Virginia/huntington-west-virginia-1889.jpg
thumbnails/_West Virginia/huntington-west-virginia-1893.jpg
thumbnails/_West Virginia/huntington-west-virginia-1898.jpg
thumbnails/_West Virginia/huntington-west-virginia-1904.jpg
thumbnails/_West Virginia/huntington-west-virginia-1931.jpg
thumbnails/_West Virginia/martinsburg-west-virginia-1885.jpg
thumbnails/_West Virginia/martinsburg-west-virginia-1891.jpg
thumbnails/_West Virginia/martinsburg-west-virginia-1897.jpg
thumbnails/_West Virginia/martinsburg-west-virginia-1902.jpg
thumbnails/_West Virginia/martinsburg-west-virginia-1907.jpg
thumbnails/_West Virginia/martinsburg-west-virginia-1913.jpg
thumbnails/_West Virginia/martinsburg-west-virginia-1922.jpg
thumbnails/_West Virginia/morgantown-west-virginia-1906.jpg
thumbnails/_West Virginia/morgantown-west-virginia-1911.jpg
thumbnails/_West Virginia/morgantown-west-virginia-1921.jpg
thumbnails/_West Virginia/moundsville-west-virginia-1909.jpg
thumbnails/_West Virginia/moundsville-west-virginia-1923.jpg
thumbnails/_West Virginia/parkersburg-west-virginia-1889.jpg
thumbnails/_West Virginia/parkersburg-west-virginia-1893.jpg
thumbnails/_West Virginia/parkersburg-west-virginia-1898.jpg
thumbnails/_West Virginia/parkersburg-west-virginia-1904.jpg
thumbnails/_West Virginia/parkersburg-west-virginia-1916.jpg
thumbnails/_West Virginia/princeton-west-virginia-1923.jpg
thumbnails/_West Virginia/weirton-west-virginia-1919.jpg
thumbnails/_West Virginia/weirton-west-virginia-1923.jpg
thumbnails/_West Virginia/weston-west-virginia-1921.jpg
thumbnails/_West Virginia/wheeling-west-virginia-1884.jpg
thumbnails/_West Virginia/wheeling-west-virginia-1890.jpg
thumbnails/_West Virginia/wheeling-west-virginia-1902.jpg
thumbnails/_West Virginia/wheeling-west-virginia-1921.jpg

